﻿{
  "Version": "1.0",
  "Metadata": [
    {
      "ApplicationType": "API",
      "ExecutablePath": null,
      "Url": {
        "Value": "in_PdfUrl",
        "IsExpression": true
      },
      "Arguments": null,
      "Version": null
    },
    {
      "ApplicationType": "Chrome",
      "ExecutablePath": {
        "Value": "chrome.exe",
        "IsExpression": false
      },
      "Url": {
        "Value": "https://online.lexi.com",
        "IsExpression": false
      },
      "Arguments": null,
      "Version": null
    }
  ]
}