{
  "version": "1.0",
  "resources": [
    {
      "resource": "asset",
      "metadata": {
        "name": {
          "defaultValue": "WCP_FirstRunCheckDate",
          "isExpression": false,
          "displayName": "Asset Name"
        }
      }
    },
    {
      "resource": "asset",
      "metadata": {
        "name": {
          "defaultValue": "WCP_Config_path",
          "isExpression": false
        },
        "folderPath": {
          "defaultValue": "Shared",
          "isExpression": false
        }
      }
    },
    {
      "resource": "asset",
      "metadata": {
        "name": {
          "defaultValue": "WCP_FirstRunCheckDate",
          "isExpression": false
        },
        "folderPath": {
          "defaultValue": "Shared",
          "isExpression": false
        }
      }
    },
    {
      "resource": "asset",
      "metadata": {
        "name": {
          "defaultValue": "WCP_DB_Login",
          "isExpression": false
        },
        "folderPath": {
          "defaultValue": "Shared",
          "isExpression": false
        }
      }
    },
    {
      "resource": "asset",
      "metadata": {
        "name": {
          "defaultValue": "WCP_CP_Login",
          "isExpression": false
        },
        "folderPath": {
          "defaultValue": "Shared",
          "isExpression": false
        }
      }
    },
    {
      "resource": "asset",
      "metadata": {
        "name": {
          "defaultValue": "WCP_DD_Login",
          "isExpression": false
        },
        "folderPath": {
          "defaultValue": "Shared",
          "isExpression": false
        }
      }
    },
    {
      "resource": "asset",
      "metadata": {
        "name": {
          "defaultValue": "WCP_NCCN_Login",
          "isExpression": false
        },
        "folderPath": {
          "defaultValue": "Shared",
          "isExpression": false
        }
      }
    },
    {
      "resource": "asset",
      "metadata": {
        "name": {
          "defaultValue": "WCP_LD_Login",
          "isExpression": false
        },
        "folderPath": {
          "defaultValue": "Shared",
          "isExpression": false
        }
      }
    },
    {
      "resource": "asset",
      "metadata": {
        "name": {
          "defaultValue": "WCP_Mail_Login",
          "isExpression": false
        },
        "folderPath": {
          "defaultValue": "Shared",
          "isExpression": false
        }
      }
    }
  ]
}